Origen,Destino,Aerolinea,ruta,n_train
AER,AER,AEROLINEAS ARGENTINAS SA,AER|AER|AEROLINEAS ARGENTINAS SA,7
AER,BAR,FB LÍNEAS AÉREAS - FLYBONDI,AER|BAR|FB LÍNEAS AÉREAS - FLYBONDI,792
AER,BAR,JETSMART AIRLINES S.A.,AER|BAR|JETSMART AIRLINES S.A.,1263
AER,CAT,AEROLINEAS ARGENTINAS SA,AER|CAT|AEROLINEAS ARGENTINAS SA,248
AER,CBA,FB LÍNEAS AÉREAS - FLYBONDI,AER|CBA|FB LÍNEAS AÉREAS - FLYBONDI,825
AER,CBA,JETSMART AIRLINES S.A.,AER|CBA|JETSMART AIRLINES S.A.,1444
AER,CHP,AEROLINEAS ARGENTINAS SA,AER|CHP|AEROLINEAS ARGENTINAS SA,1315
AER,CRR,AEROLINEAS ARGENTINAS SA,AER|CRR|AEROLINEAS ARGENTINAS SA,740
AER,CRR,FB LÍNEAS AÉREAS - FLYBONDI,AER|CRR|FB LÍNEAS AÉREAS - FLYBONDI,55
AER,CRR,JETSMART AIRLINES S.A.,AER|CRR|JETSMART AIRLINES S.A.,65
AER,CRV,AEROLINEAS ARGENTINAS SA,AER|CRV|AEROLINEAS ARGENTINAS SA,4337
AER,CRV,FB LÍNEAS AÉREAS - FLYBONDI,AER|CRV|FB LÍNEAS AÉREAS - FLYBONDI,273
AER,DOZ,AEROLINEAS ARGENTINAS SA,AER|DOZ|AEROLINEAS ARGENTINAS SA,8469
AER,DOZ,FB LÍNEAS AÉREAS - FLYBONDI,AER|DOZ|FB LÍNEAS AÉREAS - FLYBONDI,807
AER,DOZ,JETSMART AIRLINES S.A.,AER|DOZ|JETSMART AIRLINES S.A.,1190
AER,DRY,AEROLINEAS ARGENTINAS SA,AER|DRY|AEROLINEAS ARGENTINAS SA,472
AER,DRY,FB LÍNEAS AÉREAS - FLYBONDI,AER|DRY|FB LÍNEAS AÉREAS - FLYBONDI,143
AER,ECA,AEROLINEAS ARGENTINAS SA,AER|ECA|AEROLINEAS ARGENTINAS SA,1912
AER,ECA,JETSMART AIRLINES S.A.,AER|ECA|JETSMART AIRLINES S.A.,89
AER,ESQ,AEROLINEAS ARGENTINAS SA,AER|ESQ|AEROLINEAS ARGENTINAS SA,702
AER,GAL,AEROLINEAS ARGENTINAS SA,AER|GAL|AEROLINEAS ARGENTINAS SA,1987
AER,GAL,FB LÍNEAS AÉREAS - FLYBONDI,AER|GAL|FB LÍNEAS AÉREAS - FLYBONDI,13
AER,GRA,AEROLINEAS ARGENTINAS SA,AER|GRA|AEROLINEAS ARGENTINAS SA,1093
AER,IGU,AEROLINEAS ARGENTINAS SA,AER|IGU|AEROLINEAS ARGENTINAS SA,5369
AER,JUA,AEROLINEAS ARGENTINAS SA,AER|JUA|AEROLINEAS ARGENTINAS SA,2235
AER,JUJ,AEROLINEAS ARGENTINAS SA,AER|JUJ|AEROLINEAS ARGENTINAS SA,1845
AER,JUJ,FB LÍNEAS AÉREAS - FLYBONDI,AER|JUJ|FB LÍNEAS AÉREAS - FLYBONDI,603
AER,JUJ,JETSMART AIRLINES S.A.,AER|JUJ|JETSMART AIRLINES S.A.,173
AER,LAR,AEROLINEAS ARGENTINAS SA,AER|LAR|AEROLINEAS ARGENTINAS SA,687
AER,MDP,AEROLINEAS ARGENTINAS SA,AER|MDP|AEROLINEAS ARGENTINAS SA,1807
AER,NEU,AEROLINEAS ARGENTINAS SA,AER|NEU|AEROLINEAS ARGENTINAS SA,2125
AER,NEU,FB LÍNEAS AÉREAS - FLYBONDI,AER|NEU|FB LÍNEAS AÉREAS - FLYBONDI,353
AER,OSA,AEROLINEAS ARGENTINAS SA,AER|OSA|AEROLINEAS ARGENTINAS SA,695
AER,PAR,AEROLINEAS ARGENTINAS SA,AER|PAR|AEROLINEAS ARGENTINAS SA,510
AER,POS,JETSMART AIRLINES S.A.,AER|POS|JETSMART AIRLINES S.A.,134
AER,ROS,AEROLINEAS ARGENTINAS SA,AER|ROS|AEROLINEAS ARGENTINAS SA,1342
AER,SAL,AEROLINEAS ARGENTINAS SA,AER|SAL|AEROLINEAS ARGENTINAS SA,3962
AER,SAL,FB LÍNEAS AÉREAS - FLYBONDI,AER|SAL|FB LÍNEAS AÉREAS - FLYBONDI,289
AER,SAL,JETSMART AIRLINES S.A.,AER|SAL|JETSMART AIRLINES S.A.,734
AER,SDE,AEROLINEAS ARGENTINAS SA,AER|SDE|AEROLINEAS ARGENTINAS SA,762
AER,SDE,FB LÍNEAS AÉREAS - FLYBONDI,AER|SDE|FB LÍNEAS AÉREAS - FLYBONDI,154
AER,SIS,AEROLINEAS ARGENTINAS SA,AER|SIS|AEROLINEAS ARGENTINAS SA,1830
AER,SRC,AEROLINEAS ARGENTINAS SA,AER|SRC|AEROLINEAS ARGENTINAS SA,3
AER,TRC,AEROLINEAS ARGENTINAS SA,AER|TRC|AEROLINEAS ARGENTINAS SA,185
AER,TRE,AEROLINEAS ARGENTINAS SA,AER|TRE|AEROLINEAS ARGENTINAS SA,1540
AER,TRE,FB LÍNEAS AÉREAS - FLYBONDI,AER|TRE|FB LÍNEAS AÉREAS - FLYBONDI,91
AER,TRE,JETSMART AIRLINES S.A.,AER|TRE|JETSMART AIRLINES S.A.,46
AER,TRH,AEROLINEAS ARGENTINAS SA,AER|TRH|AEROLINEAS ARGENTINAS SA,49
AER,TUC,FB LÍNEAS AÉREAS - FLYBONDI,AER|TUC|FB LÍNEAS AÉREAS - FLYBONDI,364
AER,TUC,JETSMART AIRLINES S.A.,AER|TUC|JETSMART AIRLINES S.A.,658
AER,UIS,AEROLINEAS ARGENTINAS SA,AER|UIS|AEROLINEAS ARGENTINAS SA,864
AER,USU,AEROLINEAS ARGENTINAS SA,AER|USU|AEROLINEAS ARGENTINAS SA,4383
AER,USU,FB LÍNEAS AÉREAS - FLYBONDI,AER|USU|FB LÍNEAS AÉREAS - FLYBONDI,173
AER,USU,JETSMART AIRLINES S.A.,AER|USU|JETSMART AIRLINES S.A.,311
AER,VIE,AEROLINEAS ARGENTINAS SA,AER|VIE|AEROLINEAS ARGENTINAS SA,325
BAR,AER,AEROLINEAS ARGENTINAS SA,BAR|AER|AEROLINEAS ARGENTINAS SA,6811
BAR,CBA,AEROLINEAS ARGENTINAS SA,BAR|CBA|AEROLINEAS ARGENTINAS SA,875
BAR,CBA,FB LÍNEAS AÉREAS - FLYBONDI,BAR|CBA|FB LÍNEAS AÉREAS - FLYBONDI,360
BAR,ECA,AEROLINEAS ARGENTINAS SA,BAR|ECA|AEROLINEAS ARGENTINAS SA,106
BAR,ECA,JETSMART AIRLINES S.A.,BAR|ECA|JETSMART AIRLINES S.A.,1
BAR,ESQ,AEROLINEAS ARGENTINAS SA,BAR|ESQ|AEROLINEAS ARGENTINAS SA,1
BAR,EZE,AEROLINEAS ARGENTINAS SA,BAR|EZE|AEROLINEAS ARGENTINAS SA,2273
BAR,EZE,FB LÍNEAS AÉREAS - FLYBONDI,BAR|EZE|FB LÍNEAS AÉREAS - FLYBONDI,976
BAR,IGU,JETSMART AIRLINES S.A.,BAR|IGU|JETSMART AIRLINES S.A.,2
BAR,MDP,AEROLINEAS ARGENTINAS SA,BAR|MDP|AEROLINEAS ARGENTINAS SA,1
BAR,NEU,AEROLINEAS ARGENTINAS SA,BAR|NEU|AEROLINEAS ARGENTINAS SA,2
BAR,NEU,JETSMART AIRLINES S.A.,BAR|NEU|JETSMART AIRLINES S.A.,2
BAR,ROS,AEROLINEAS ARGENTINAS SA,BAR|ROS|AEROLINEAS ARGENTINAS SA,285
BAR,ROS,JETSMART AIRLINES S.A.,BAR|ROS|JETSMART AIRLINES S.A.,2
BAR,TUC,AEROLINEAS ARGENTINAS SA,BAR|TUC|AEROLINEAS ARGENTINAS SA,35
BAR,USU,JETSMART AIRLINES S.A.,BAR|USU|JETSMART AIRLINES S.A.,3
BCA,AER,AEROLINEAS ARGENTINAS SA,BCA|AER|AEROLINEAS ARGENTINAS SA,2330
BCA,EZE,AEROLINEAS ARGENTINAS SA,BCA|EZE|AEROLINEAS ARGENTINAS SA,81
BCA,MDP,AEROLINEAS ARGENTINAS SA,BCA|MDP|AEROLINEAS ARGENTINAS SA,6
BCA,TRE,AEROLINEAS ARGENTINAS SA,BCA|TRE|AEROLINEAS ARGENTINAS SA,8
BCA,VIE,AEROLINEAS ARGENTINAS SA,BCA|VIE|AEROLINEAS ARGENTINAS SA,1
CAT,AER,AEROLINEAS ARGENTINAS SA,CAT|AER|AEROLINEAS ARGENTINAS SA,251
CAT,EZE,AEROLINEAS ARGENTINAS SA,CAT|EZE|AEROLINEAS ARGENTINAS SA,8
CAT,LAR,AEROLINEAS ARGENTINAS SA,CAT|LAR|AEROLINEAS ARGENTINAS SA,8
CBA,AER,AEROLINEAS ARGENTINAS SA,CBA|AER|AEROLINEAS ARGENTINAS SA,8863
CBA,AER,JETSMART AIRLINES S.A.,CBA|AER|JETSMART AIRLINES S.A.,1780
CBA,BAR,AEROLINEAS ARGENTINAS SA,CBA|BAR|AEROLINEAS ARGENTINAS SA,826
CBA,BAR,JETSMART AIRLINES S.A.,CBA|BAR|JETSMART AIRLINES S.A.,157
CBA,CHP,AEROLINEAS ARGENTINAS SA,CBA|CHP|AEROLINEAS ARGENTINAS SA,44
CBA,CRR,AEROLINEAS ARGENTINAS SA,CBA|CRR|AEROLINEAS ARGENTINAS SA,19
CBA,CRV,AEROLINEAS ARGENTINAS SA,CBA|CRV|AEROLINEAS ARGENTINAS SA,529
CBA,DOZ,AEROLINEAS ARGENTINAS SA,CBA|DOZ|AEROLINEAS ARGENTINAS SA,1671
CBA,DOZ,FB LÍNEAS AÉREAS - FLYBONDI,CBA|DOZ|FB LÍNEAS AÉREAS - FLYBONDI,229
CBA,DOZ,JETSMART AIRLINES S.A.,CBA|DOZ|JETSMART AIRLINES S.A.,5
CBA,ECA,AEROLINEAS ARGENTINAS SA,CBA|ECA|AEROLINEAS ARGENTINAS SA,188
CBA,ESQ,AEROLINEAS ARGENTINAS SA,CBA|ESQ|AEROLINEAS ARGENTINAS SA,7
CBA,EZE,AEROLINEAS ARGENTINAS SA,CBA|EZE|AEROLINEAS ARGENTINAS SA,1428
CBA,EZE,FB LÍNEAS AÉREAS - FLYBONDI,CBA|EZE|FB LÍNEAS AÉREAS - FLYBONDI,124
CBA,EZE,JETSMART AIRLINES S.A.,CBA|EZE|JETSMART AIRLINES S.A.,51
CBA,IGU,FB LÍNEAS AÉREAS - FLYBONDI,CBA|IGU|FB LÍNEAS AÉREAS - FLYBONDI,6
CBA,JUA,AEROLINEAS ARGENTINAS SA,CBA|JUA|AEROLINEAS ARGENTINAS SA,177
CBA,JUJ,AEROLINEAS ARGENTINAS SA,CBA|JUJ|AEROLINEAS ARGENTINAS SA,572
CBA,JUJ,FB LÍNEAS AÉREAS - FLYBONDI,CBA|JUJ|FB LÍNEAS AÉREAS - FLYBONDI,1
CBA,MDP,AEROLINEAS ARGENTINAS SA,CBA|MDP|AEROLINEAS ARGENTINAS SA,327
CBA,NEU,FB LÍNEAS AÉREAS - FLYBONDI,CBA|NEU|FB LÍNEAS AÉREAS - FLYBONDI,408
CBA,SAL,AEROLINEAS ARGENTINAS SA,CBA|SAL|AEROLINEAS ARGENTINAS SA,839
CBA,SAL,FB LÍNEAS AÉREAS - FLYBONDI,CBA|SAL|FB LÍNEAS AÉREAS - FLYBONDI,276
CBA,SDE,AEROLINEAS ARGENTINAS SA,CBA|SDE|AEROLINEAS ARGENTINAS SA,1
CBA,SVO,AEROLINEAS ARGENTINAS SA,CBA|SVO|AEROLINEAS ARGENTINAS SA,1
CBA,TRE,AEROLINEAS ARGENTINAS SA,CBA|TRE|AEROLINEAS ARGENTINAS SA,170
CBA,USU,AEROLINEAS ARGENTINAS SA,CBA|USU|AEROLINEAS ARGENTINAS SA,415
CHP,AER,JETSMART AIRLINES S.A.,CHP|AER|JETSMART AIRLINES S.A.,487
CHP,CBA,AEROLINEAS ARGENTINAS SA,CHP|CBA|AEROLINEAS ARGENTINAS SA,44
CHP,EZE,AEROLINEAS ARGENTINAS SA,CHP|EZE|AEROLINEAS ARGENTINAS SA,185
CHP,EZE,JETSMART AIRLINES S.A.,CHP|EZE|JETSMART AIRLINES S.A.,12
CHP,ROS,AEROLINEAS ARGENTINAS SA,CHP|ROS|AEROLINEAS ARGENTINAS SA,22
CRR,AER,FB LÍNEAS AÉREAS - FLYBONDI,CRR|AER|FB LÍNEAS AÉREAS - FLYBONDI,172
CRR,AER,JETSMART AIRLINES S.A.,CRR|AER|JETSMART AIRLINES S.A.,85
CRR,CBA,AEROLINEAS ARGENTINAS SA,CRR|CBA|AEROLINEAS ARGENTINAS SA,24
CRR,EZE,AEROLINEAS ARGENTINAS SA,CRR|EZE|AEROLINEAS ARGENTINAS SA,63
CRR,EZE,FB LÍNEAS AÉREAS - FLYBONDI,CRR|EZE|FB LÍNEAS AÉREAS - FLYBONDI,9
CRR,EZE,JETSMART AIRLINES S.A.,CRR|EZE|JETSMART AIRLINES S.A.,14
CRR,IGU,AEROLINEAS ARGENTINAS SA,CRR|IGU|AEROLINEAS ARGENTINAS SA,1
CRR,SAL,AEROLINEAS ARGENTINAS SA,CRR|SAL|AEROLINEAS ARGENTINAS SA,2
CRV,AER,AEROLINEAS ARGENTINAS SA,CRV|AER|AEROLINEAS ARGENTINAS SA,4071
CRV,AER,FB LÍNEAS AÉREAS - FLYBONDI,CRV|AER|FB LÍNEAS AÉREAS - FLYBONDI,341
CRV,AER,JETSMART AIRLINES S.A.,CRV|AER|JETSMART AIRLINES S.A.,335
CRV,CBA,AEROLINEAS ARGENTINAS SA,CRV|CBA|AEROLINEAS ARGENTINAS SA,511
CRV,DRY,AEROLINEAS ARGENTINAS SA,CRV|DRY|AEROLINEAS ARGENTINAS SA,1
CRV,EZE,AEROLINEAS ARGENTINAS SA,CRV|EZE|AEROLINEAS ARGENTINAS SA,375
CRV,EZE,FB LÍNEAS AÉREAS - FLYBONDI,CRV|EZE|FB LÍNEAS AÉREAS - FLYBONDI,76
CRV,EZE,JETSMART AIRLINES S.A.,CRV|EZE|JETSMART AIRLINES S.A.,7
CRV,GAL,AEROLINEAS ARGENTINAS SA,CRV|GAL|AEROLINEAS ARGENTINAS SA,162
CRV,GRA,AEROLINEAS ARGENTINAS SA,CRV|GRA|AEROLINEAS ARGENTINAS SA,1
CRV,JUA,AEROLINEAS ARGENTINAS SA,CRV|JUA|AEROLINEAS ARGENTINAS SA,1
CRV,JUJ,AEROLINEAS ARGENTINAS SA,CRV|JUJ|AEROLINEAS ARGENTINAS SA,13
CRV,NEU,AEROLINEAS ARGENTINAS SA,CRV|NEU|AEROLINEAS ARGENTINAS SA,18
CRV,TRE,AEROLINEAS ARGENTINAS SA,CRV|TRE|AEROLINEAS ARGENTINAS SA,4
CRV,USU,AEROLINEAS ARGENTINAS SA,CRV|USU|AEROLINEAS ARGENTINAS SA,1
DOZ,AER,AEROLINEAS ARGENTINAS SA,DOZ|AER|AEROLINEAS ARGENTINAS SA,8706
DOZ,BAR,AEROLINEAS ARGENTINAS SA,DOZ|BAR|AEROLINEAS ARGENTINAS SA,329
DOZ,BAR,JETSMART AIRLINES S.A.,DOZ|BAR|JETSMART AIRLINES S.A.,138
DOZ,CBA,AEROLINEAS ARGENTINAS SA,DOZ|CBA|AEROLINEAS ARGENTINAS SA,1456
DOZ,CBA,JETSMART AIRLINES S.A.,DOZ|CBA|JETSMART AIRLINES S.A.,1
DOZ,EZE,AEROLINEAS ARGENTINAS SA,DOZ|EZE|AEROLINEAS ARGENTINAS SA,1581
DOZ,EZE,FB LÍNEAS AÉREAS - FLYBONDI,DOZ|EZE|FB LÍNEAS AÉREAS - FLYBONDI,171
DOZ,IGU,AEROLINEAS ARGENTINAS SA,DOZ|IGU|AEROLINEAS ARGENTINAS SA,2
DOZ,JUA,AEROLINEAS ARGENTINAS SA,DOZ|JUA|AEROLINEAS ARGENTINAS SA,1
DOZ,JUJ,AEROLINEAS ARGENTINAS SA,DOZ|JUJ|AEROLINEAS ARGENTINAS SA,58
DOZ,MDP,AEROLINEAS ARGENTINAS SA,DOZ|MDP|AEROLINEAS ARGENTINAS SA,216
DOZ,NEU,AEROLINEAS ARGENTINAS SA,DOZ|NEU|AEROLINEAS ARGENTINAS SA,18
DOZ,PAR,AEROLINEAS ARGENTINAS SA,DOZ|PAR|AEROLINEAS ARGENTINAS SA,1
DOZ,ROS,AEROLINEAS ARGENTINAS SA,DOZ|ROS|AEROLINEAS ARGENTINAS SA,346
DOZ,SAL,AEROLINEAS ARGENTINAS SA,DOZ|SAL|AEROLINEAS ARGENTINAS SA,371
DOZ,SAL,JETSMART AIRLINES S.A.,DOZ|SAL|JETSMART AIRLINES S.A.,99
DOZ,SDE,AEROLINEAS ARGENTINAS SA,DOZ|SDE|AEROLINEAS ARGENTINAS SA,1
DOZ,TUC,AEROLINEAS ARGENTINAS SA,DOZ|TUC|AEROLINEAS ARGENTINAS SA,97
DOZ,UIS,AEROLINEAS ARGENTINAS SA,DOZ|UIS|AEROLINEAS ARGENTINAS SA,1
DRY,AER,AEROLINEAS ARGENTINAS SA,DRY|AER|AEROLINEAS ARGENTINAS SA,312
DRY,AER,FB LÍNEAS AÉREAS - FLYBONDI,DRY|AER|FB LÍNEAS AÉREAS - FLYBONDI,212
DRY,EZE,AEROLINEAS ARGENTINAS SA,DRY|EZE|AEROLINEAS ARGENTINAS SA,48
DRY,EZE,FB LÍNEAS AÉREAS - FLYBONDI,DRY|EZE|FB LÍNEAS AÉREAS - FLYBONDI,23
ECA,AER,AEROLINEAS ARGENTINAS SA,ECA|AER|AEROLINEAS ARGENTINAS SA,1837
ECA,AER,FB LÍNEAS AÉREAS - FLYBONDI,ECA|AER|FB LÍNEAS AÉREAS - FLYBONDI,222
ECA,AER,JETSMART AIRLINES S.A.,ECA|AER|JETSMART AIRLINES S.A.,318
ECA,CBA,AEROLINEAS ARGENTINAS SA,ECA|CBA|AEROLINEAS ARGENTINAS SA,190
ECA,EZE,AEROLINEAS ARGENTINAS SA,ECA|EZE|AEROLINEAS ARGENTINAS SA,495
ECA,EZE,FB LÍNEAS AÉREAS - FLYBONDI,ECA|EZE|FB LÍNEAS AÉREAS - FLYBONDI,100
ECA,EZE,JETSMART AIRLINES S.A.,ECA|EZE|JETSMART AIRLINES S.A.,40
ECA,IGU,AEROLINEAS ARGENTINAS SA,ECA|IGU|AEROLINEAS ARGENTINAS SA,1
ECA,ROS,AEROLINEAS ARGENTINAS SA,ECA|ROS|AEROLINEAS ARGENTINAS SA,44
ECA,TRE,AEROLINEAS ARGENTINAS SA,ECA|TRE|AEROLINEAS ARGENTINAS SA,3
ECA,USU,AEROLINEAS ARGENTINAS SA,ECA|USU|AEROLINEAS ARGENTINAS SA,586
ECA,USU,FB LÍNEAS AÉREAS - FLYBONDI,ECA|USU|FB LÍNEAS AÉREAS - FLYBONDI,134
ECA,USU,JETSMART AIRLINES S.A.,ECA|USU|JETSMART AIRLINES S.A.,2
ESQ,AER,AEROLINEAS ARGENTINAS SA,ESQ|AER|AEROLINEAS ARGENTINAS SA,915
ESQ,BAR,AEROLINEAS ARGENTINAS SA,ESQ|BAR|AEROLINEAS ARGENTINAS SA,1
ESQ,CBA,AEROLINEAS ARGENTINAS SA,ESQ|CBA|AEROLINEAS ARGENTINAS SA,7
EZE,AER,AEROLINEAS ARGENTINAS SA,EZE|AER|AEROLINEAS ARGENTINAS SA,2
EZE,AER,JETSMART AIRLINES S.A.,EZE|AER|JETSMART AIRLINES S.A.,1
EZE,BAR,AEROLINEAS ARGENTINAS SA,EZE|BAR|AEROLINEAS ARGENTINAS SA,2325
EZE,BAR,FB LÍNEAS AÉREAS - FLYBONDI,EZE|BAR|FB LÍNEAS AÉREAS - FLYBONDI,900
EZE,BAR,JETSMART AIRLINES S.A.,EZE|BAR|JETSMART AIRLINES S.A.,965
EZE,CAT,AEROLINEAS ARGENTINAS SA,EZE|CAT|AEROLINEAS ARGENTINAS SA,20
EZE,CBA,AEROLINEAS ARGENTINAS SA,EZE|CBA|AEROLINEAS ARGENTINAS SA,1538
EZE,CBA,FB LÍNEAS AÉREAS - FLYBONDI,EZE|CBA|FB LÍNEAS AÉREAS - FLYBONDI,62
EZE,CBA,JETSMART AIRLINES S.A.,EZE|CBA|JETSMART AIRLINES S.A.,44
EZE,CHP,JETSMART AIRLINES S.A.,EZE|CHP|JETSMART AIRLINES S.A.,4
EZE,CRR,AEROLINEAS ARGENTINAS SA,EZE|CRR|AEROLINEAS ARGENTINAS SA,53
EZE,CRR,FB LÍNEAS AÉREAS - FLYBONDI,EZE|CRR|FB LÍNEAS AÉREAS - FLYBONDI,6
EZE,CRR,JETSMART AIRLINES S.A.,EZE|CRR|JETSMART AIRLINES S.A.,4
EZE,CRV,FB LÍNEAS AÉREAS - FLYBONDI,EZE|CRV|FB LÍNEAS AÉREAS - FLYBONDI,104
EZE,CRV,JETSMART AIRLINES S.A.,EZE|CRV|JETSMART AIRLINES S.A.,14
EZE,DOZ,AEROLINEAS ARGENTINAS SA,EZE|DOZ|AEROLINEAS ARGENTINAS SA,2045
EZE,DOZ,FB LÍNEAS AÉREAS - FLYBONDI,EZE|DOZ|FB LÍNEAS AÉREAS - FLYBONDI,129
EZE,DOZ,JETSMART AIRLINES S.A.,EZE|DOZ|JETSMART AIRLINES S.A.,114
EZE,DRY,AEROLINEAS ARGENTINAS SA,EZE|DRY|AEROLINEAS ARGENTINAS SA,55
EZE,DRY,FB LÍNEAS AÉREAS - FLYBONDI,EZE|DRY|FB LÍNEAS AÉREAS - FLYBONDI,21
EZE,ECA,AEROLINEAS ARGENTINAS SA,EZE|ECA|AEROLINEAS ARGENTINAS SA,924
EZE,ECA,FB LÍNEAS AÉREAS - FLYBONDI,EZE|ECA|FB LÍNEAS AÉREAS - FLYBONDI,294
EZE,ECA,JETSMART AIRLINES S.A.,EZE|ECA|JETSMART AIRLINES S.A.,215
EZE,ESQ,AEROLINEAS ARGENTINAS SA,EZE|ESQ|AEROLINEAS ARGENTINAS SA,175
EZE,EZE,AEROLINEAS ARGENTINAS SA,EZE|EZE|AEROLINEAS ARGENTINAS SA,9
EZE,FSA,AEROLINEAS ARGENTINAS SA,EZE|FSA|AEROLINEAS ARGENTINAS SA,18
EZE,GAL,AEROLINEAS ARGENTINAS SA,EZE|GAL|AEROLINEAS ARGENTINAS SA,193
EZE,GAL,FB LÍNEAS AÉREAS - FLYBONDI,EZE|GAL|FB LÍNEAS AÉREAS - FLYBONDI,35
EZE,GRA,AEROLINEAS ARGENTINAS SA,EZE|GRA|AEROLINEAS ARGENTINAS SA,302
EZE,IGU,AEROLINEAS ARGENTINAS SA,EZE|IGU|AEROLINEAS ARGENTINAS SA,1586
EZE,IGU,FB LÍNEAS AÉREAS - FLYBONDI,EZE|IGU|FB LÍNEAS AÉREAS - FLYBONDI,557
EZE,IGU,JETSMART AIRLINES S.A.,EZE|IGU|JETSMART AIRLINES S.A.,480
EZE,JUA,AEROLINEAS ARGENTINAS SA,EZE|JUA|AEROLINEAS ARGENTINAS SA,345
EZE,JUJ,AEROLINEAS ARGENTINAS SA,EZE|JUJ|AEROLINEAS ARGENTINAS SA,506
EZE,JUJ,FB LÍNEAS AÉREAS - FLYBONDI,EZE|JUJ|FB LÍNEAS AÉREAS - FLYBONDI,351
EZE,JUJ,JETSMART AIRLINES S.A.,EZE|JUJ|JETSMART AIRLINES S.A.,31
EZE,LAR,AEROLINEAS ARGENTINAS SA,EZE|LAR|AEROLINEAS ARGENTINAS SA,5
EZE,MDP,AEROLINEAS ARGENTINAS SA,EZE|MDP|AEROLINEAS ARGENTINAS SA,98
EZE,NEU,AEROLINEAS ARGENTINAS SA,EZE|NEU|AEROLINEAS ARGENTINAS SA,425
EZE,NEU,FB LÍNEAS AÉREAS - FLYBONDI,EZE|NEU|FB LÍNEAS AÉREAS - FLYBONDI,52
EZE,NEU,JETSMART AIRLINES S.A.,EZE|NEU|JETSMART AIRLINES S.A.,117
EZE,OSA,AEROLINEAS ARGENTINAS SA,EZE|OSA|AEROLINEAS ARGENTINAS SA,7
EZE,PAR,AEROLINEAS ARGENTINAS SA,EZE|PAR|AEROLINEAS ARGENTINAS SA,16
EZE,POS,AEROLINEAS ARGENTINAS SA,EZE|POS|AEROLINEAS ARGENTINAS SA,218
EZE,POS,FB LÍNEAS AÉREAS - FLYBONDI,EZE|POS|FB LÍNEAS AÉREAS - FLYBONDI,25
EZE,POS,JETSMART AIRLINES S.A.,EZE|POS|JETSMART AIRLINES S.A.,1
EZE,ROS,AEROLINEAS ARGENTINAS SA,EZE|ROS|AEROLINEAS ARGENTINAS SA,222
EZE,SAL,AEROLINEAS ARGENTINAS SA,EZE|SAL|AEROLINEAS ARGENTINAS SA,1103
EZE,SAL,FB LÍNEAS AÉREAS - FLYBONDI,EZE|SAL|FB LÍNEAS AÉREAS - FLYBONDI,407
EZE,SAL,JETSMART AIRLINES S.A.,EZE|SAL|JETSMART AIRLINES S.A.,241
EZE,SDE,AEROLINEAS ARGENTINAS SA,EZE|SDE|AEROLINEAS ARGENTINAS SA,85
EZE,SDE,FB LÍNEAS AÉREAS - FLYBONDI,EZE|SDE|FB LÍNEAS AÉREAS - FLYBONDI,10
EZE,SIS,AEROLINEAS ARGENTINAS SA,EZE|SIS|AEROLINEAS ARGENTINAS SA,235
EZE,SIS,JETSMART AIRLINES S.A.,EZE|SIS|JETSMART AIRLINES S.A.,1
EZE,SRA,AEROLINEAS ARGENTINAS SA,EZE|SRA|AEROLINEAS ARGENTINAS SA,36
EZE,SVO,AEROLINEAS ARGENTINAS SA,EZE|SVO|AEROLINEAS ARGENTINAS SA,19
EZE,TRC,AEROLINEAS ARGENTINAS SA,EZE|TRC|AEROLINEAS ARGENTINAS SA,14
EZE,TRE,JETSMART AIRLINES S.A.,EZE|TRE|JETSMART AIRLINES S.A.,1
EZE,TRH,AEROLINEAS ARGENTINAS SA,EZE|TRH|AEROLINEAS ARGENTINAS SA,5
EZE,TUC,AEROLINEAS ARGENTINAS SA,EZE|TUC|AEROLINEAS ARGENTINAS SA,1106
EZE,TUC,FB LÍNEAS AÉREAS - FLYBONDI,EZE|TUC|FB LÍNEAS AÉREAS - FLYBONDI,89
EZE,TUC,JETSMART AIRLINES S.A.,EZE|TUC|JETSMART AIRLINES S.A.,153
EZE,UIS,AEROLINEAS ARGENTINAS SA,EZE|UIS|AEROLINEAS ARGENTINAS SA,34
EZE,USU,AEROLINEAS ARGENTINAS SA,EZE|USU|AEROLINEAS ARGENTINAS SA,2621
EZE,USU,JETSMART AIRLINES S.A.,EZE|USU|JETSMART AIRLINES S.A.,387
EZE,VIE,AEROLINEAS ARGENTINAS SA,EZE|VIE|AEROLINEAS ARGENTINAS SA,8
FSA,AER,AEROLINEAS ARGENTINAS SA,FSA|AER|AEROLINEAS ARGENTINAS SA,1272
FSA,EZE,AEROLINEAS ARGENTINAS SA,FSA|EZE|AEROLINEAS ARGENTINAS SA,40
GAL,AER,AEROLINEAS ARGENTINAS SA,GAL|AER|AEROLINEAS ARGENTINAS SA,1608
GAL,AER,FB LÍNEAS AÉREAS - FLYBONDI,GAL|AER|FB LÍNEAS AÉREAS - FLYBONDI,1
GAL,CRV,AEROLINEAS ARGENTINAS SA,GAL|CRV|AEROLINEAS ARGENTINAS SA,179
GAL,ECA,AEROLINEAS ARGENTINAS SA,GAL|ECA|AEROLINEAS ARGENTINAS SA,3
GAL,EZE,FB LÍNEAS AÉREAS - FLYBONDI,GAL|EZE|FB LÍNEAS AÉREAS - FLYBONDI,7
GAL,USU,AEROLINEAS ARGENTINAS SA,GAL|USU|AEROLINEAS ARGENTINAS SA,2
GRA,AER,AEROLINEAS ARGENTINAS SA,GRA|AER|AEROLINEAS ARGENTINAS SA,1390
GRA,GAL,AEROLINEAS ARGENTINAS SA,GRA|GAL|AEROLINEAS ARGENTINAS SA,1
GRA,USU,AEROLINEAS ARGENTINAS SA,GRA|USU|AEROLINEAS ARGENTINAS SA,2
IGU,AER,AEROLINEAS ARGENTINAS SA,IGU|AER|AEROLINEAS ARGENTINAS SA,5126
IGU,AER,FB LÍNEAS AÉREAS - FLYBONDI,IGU|AER|FB LÍNEAS AÉREAS - FLYBONDI,784
IGU,AER,JETSMART AIRLINES S.A.,IGU|AER|JETSMART AIRLINES S.A.,1115
IGU,CBA,AEROLINEAS ARGENTINAS SA,IGU|CBA|AEROLINEAS ARGENTINAS SA,708
IGU,CBA,FB LÍNEAS AÉREAS - FLYBONDI,IGU|CBA|FB LÍNEAS AÉREAS - FLYBONDI,9
IGU,EZE,AEROLINEAS ARGENTINAS SA,IGU|EZE|AEROLINEAS ARGENTINAS SA,1159
IGU,EZE,FB LÍNEAS AÉREAS - FLYBONDI,IGU|EZE|FB LÍNEAS AÉREAS - FLYBONDI,383
IGU,POS,AEROLINEAS ARGENTINAS SA,IGU|POS|AEROLINEAS ARGENTINAS SA,1
IGU,ROS,AEROLINEAS ARGENTINAS SA,IGU|ROS|AEROLINEAS ARGENTINAS SA,238
IGU,SAL,AEROLINEAS ARGENTINAS SA,IGU|SAL|AEROLINEAS ARGENTINAS SA,357
IGU,SAL,JETSMART AIRLINES S.A.,IGU|SAL|JETSMART AIRLINES S.A.,27
IGU,TUC,AEROLINEAS ARGENTINAS SA,IGU|TUC|AEROLINEAS ARGENTINAS SA,156
JUA,AER,AEROLINEAS ARGENTINAS SA,JUA|AER|AEROLINEAS ARGENTINAS SA,2289
JUA,AER,FB LÍNEAS AÉREAS - FLYBONDI,JUA|AER|FB LÍNEAS AÉREAS - FLYBONDI,113
JUA,CBA,AEROLINEAS ARGENTINAS SA,JUA|CBA|AEROLINEAS ARGENTINAS SA,167
JUA,CRV,AEROLINEAS ARGENTINAS SA,JUA|CRV|AEROLINEAS ARGENTINAS SA,2
JUA,DOZ,AEROLINEAS ARGENTINAS SA,JUA|DOZ|AEROLINEAS ARGENTINAS SA,3
JUA,EZE,FB LÍNEAS AÉREAS - FLYBONDI,JUA|EZE|FB LÍNEAS AÉREAS - FLYBONDI,21
JUA,SDE,AEROLINEAS ARGENTINAS SA,JUA|SDE|AEROLINEAS ARGENTINAS SA,1
JUJ,AER,AEROLINEAS ARGENTINAS SA,JUJ|AER|AEROLINEAS ARGENTINAS SA,1830
JUJ,AER,JETSMART AIRLINES S.A.,JUJ|AER|JETSMART AIRLINES S.A.,231
JUJ,CBA,AEROLINEAS ARGENTINAS SA,JUJ|CBA|AEROLINEAS ARGENTINAS SA,576
JUJ,CRV,AEROLINEAS ARGENTINAS SA,JUJ|CRV|AEROLINEAS ARGENTINAS SA,9
JUJ,DOZ,AEROLINEAS ARGENTINAS SA,JUJ|DOZ|AEROLINEAS ARGENTINAS SA,53
JUJ,EZE,FB LÍNEAS AÉREAS - FLYBONDI,JUJ|EZE|FB LÍNEAS AÉREAS - FLYBONDI,457
JUJ,EZE,JETSMART AIRLINES S.A.,JUJ|EZE|JETSMART AIRLINES S.A.,71
JUJ,IGU,AEROLINEAS ARGENTINAS SA,JUJ|IGU|AEROLINEAS ARGENTINAS SA,76
JUJ,NEU,AEROLINEAS ARGENTINAS SA,JUJ|NEU|AEROLINEAS ARGENTINAS SA,1
JUJ,SAL,AEROLINEAS ARGENTINAS SA,JUJ|SAL|AEROLINEAS ARGENTINAS SA,3
LAR,CAT,AEROLINEAS ARGENTINAS SA,LAR|CAT|AEROLINEAS ARGENTINAS SA,22
MDP,AER,AEROLINEAS ARGENTINAS SA,MDP|AER|AEROLINEAS ARGENTINAS SA,3170
MDP,AER,FB LÍNEAS AÉREAS - FLYBONDI,MDP|AER|FB LÍNEAS AÉREAS - FLYBONDI,15
MDP,BAR,AEROLINEAS ARGENTINAS SA,MDP|BAR|AEROLINEAS ARGENTINAS SA,1
MDP,BCA,AEROLINEAS ARGENTINAS SA,MDP|BCA|AEROLINEAS ARGENTINAS SA,6
MDP,CBA,AEROLINEAS ARGENTINAS SA,MDP|CBA|AEROLINEAS ARGENTINAS SA,390
MDP,DOZ,AEROLINEAS ARGENTINAS SA,MDP|DOZ|AEROLINEAS ARGENTINAS SA,279
MDP,EZE,AEROLINEAS ARGENTINAS SA,MDP|EZE|AEROLINEAS ARGENTINAS SA,112
MDP,EZE,FB LÍNEAS AÉREAS - FLYBONDI,MDP|EZE|FB LÍNEAS AÉREAS - FLYBONDI,9
MDP,ROS,AEROLINEAS ARGENTINAS SA,MDP|ROS|AEROLINEAS ARGENTINAS SA,43
MDP,SVO,AEROLINEAS ARGENTINAS SA,MDP|SVO|AEROLINEAS ARGENTINAS SA,1
MDP,TUC,AEROLINEAS ARGENTINAS SA,MDP|TUC|AEROLINEAS ARGENTINAS SA,184
NEU,AER,AEROLINEAS ARGENTINAS SA,NEU|AER|AEROLINEAS ARGENTINAS SA,2534
NEU,AER,FB LÍNEAS AÉREAS - FLYBONDI,NEU|AER|FB LÍNEAS AÉREAS - FLYBONDI,408
NEU,AER,JETSMART AIRLINES S.A.,NEU|AER|JETSMART AIRLINES S.A.,1298
NEU,BAR,AEROLINEAS ARGENTINAS SA,NEU|BAR|AEROLINEAS ARGENTINAS SA,3
NEU,BAR,FB LÍNEAS AÉREAS - FLYBONDI,NEU|BAR|FB LÍNEAS AÉREAS - FLYBONDI,1
NEU,BAR,JETSMART AIRLINES S.A.,NEU|BAR|JETSMART AIRLINES S.A.,5
NEU,CBA,AEROLINEAS ARGENTINAS SA,NEU|CBA|AEROLINEAS ARGENTINAS SA,607
NEU,CBA,FB LÍNEAS AÉREAS - FLYBONDI,NEU|CBA|FB LÍNEAS AÉREAS - FLYBONDI,283
NEU,CHP,JETSMART AIRLINES S.A.,NEU|CHP|JETSMART AIRLINES S.A.,1
NEU,CRV,AEROLINEAS ARGENTINAS SA,NEU|CRV|AEROLINEAS ARGENTINAS SA,10
NEU,DOZ,AEROLINEAS ARGENTINAS SA,NEU|DOZ|AEROLINEAS ARGENTINAS SA,18
NEU,DOZ,JETSMART AIRLINES S.A.,NEU|DOZ|JETSMART AIRLINES S.A.,1
NEU,EZE,AEROLINEAS ARGENTINAS SA,NEU|EZE|AEROLINEAS ARGENTINAS SA,297
NEU,EZE,FB LÍNEAS AÉREAS - FLYBONDI,NEU|EZE|FB LÍNEAS AÉREAS - FLYBONDI,71
NEU,EZE,JETSMART AIRLINES S.A.,NEU|EZE|JETSMART AIRLINES S.A.,107
NEU,JUJ,AEROLINEAS ARGENTINAS SA,NEU|JUJ|AEROLINEAS ARGENTINAS SA,1
NEU,MDP,AEROLINEAS ARGENTINAS SA,NEU|MDP|AEROLINEAS ARGENTINAS SA,1
NEU,ROS,JETSMART AIRLINES S.A.,NEU|ROS|JETSMART AIRLINES S.A.,20
NEU,SAL,AEROLINEAS ARGENTINAS SA,NEU|SAL|AEROLINEAS ARGENTINAS SA,213
OSA,AER,AEROLINEAS ARGENTINAS SA,OSA|AER|AEROLINEAS ARGENTINAS SA,492
OSA,EZE,AEROLINEAS ARGENTINAS SA,OSA|EZE|AEROLINEAS ARGENTINAS SA,7
PAR,EZE,AEROLINEAS ARGENTINAS SA,PAR|EZE|AEROLINEAS ARGENTINAS SA,5
PAR,MDP,AEROLINEAS ARGENTINAS SA,PAR|MDP|AEROLINEAS ARGENTINAS SA,1
PAR,ROS,AEROLINEAS ARGENTINAS SA,PAR|ROS|AEROLINEAS ARGENTINAS SA,1
POS,AER,AEROLINEAS ARGENTINAS SA,POS|AER|AEROLINEAS ARGENTINAS SA,2066
POS,AER,FB LÍNEAS AÉREAS - FLYBONDI,POS|AER|FB LÍNEAS AÉREAS - FLYBONDI,395
POS,AER,JETSMART AIRLINES S.A.,POS|AER|JETSMART AIRLINES S.A.,137
POS,CBA,AEROLINEAS ARGENTINAS SA,POS|CBA|AEROLINEAS ARGENTINAS SA,282
POS,CRR,AEROLINEAS ARGENTINAS SA,POS|CRR|AEROLINEAS ARGENTINAS SA,1
POS,EZE,AEROLINEAS ARGENTINAS SA,POS|EZE|AEROLINEAS ARGENTINAS SA,269
POS,EZE,FB LÍNEAS AÉREAS - FLYBONDI,POS|EZE|FB LÍNEAS AÉREAS - FLYBONDI,24
POS,EZE,JETSMART AIRLINES S.A.,POS|EZE|JETSMART AIRLINES S.A.,8
POS,FSA,AEROLINEAS ARGENTINAS SA,POS|FSA|AEROLINEAS ARGENTINAS SA,1
POS,IGU,AEROLINEAS ARGENTINAS SA,POS|IGU|AEROLINEAS ARGENTINAS SA,4
POS,SIS,AEROLINEAS ARGENTINAS SA,POS|SIS|AEROLINEAS ARGENTINAS SA,1
ROS,AER,AEROLINEAS ARGENTINAS SA,ROS|AER|AEROLINEAS ARGENTINAS SA,2046
ROS,BAR,JETSMART AIRLINES S.A.,ROS|BAR|JETSMART AIRLINES S.A.,1
ROS,CHP,AEROLINEAS ARGENTINAS SA,ROS|CHP|AEROLINEAS ARGENTINAS SA,32
ROS,DOZ,AEROLINEAS ARGENTINAS SA,ROS|DOZ|AEROLINEAS ARGENTINAS SA,539
ROS,ECA,AEROLINEAS ARGENTINAS SA,ROS|ECA|AEROLINEAS ARGENTINAS SA,46
ROS,EZE,AEROLINEAS ARGENTINAS SA,ROS|EZE|AEROLINEAS ARGENTINAS SA,259
ROS,IGU,AEROLINEAS ARGENTINAS SA,ROS|IGU|AEROLINEAS ARGENTINAS SA,348
ROS,JUA,AEROLINEAS ARGENTINAS SA,ROS|JUA|AEROLINEAS ARGENTINAS SA,1
ROS,MDP,AEROLINEAS ARGENTINAS SA,ROS|MDP|AEROLINEAS ARGENTINAS SA,67
ROS,NEU,AEROLINEAS ARGENTINAS SA,ROS|NEU|AEROLINEAS ARGENTINAS SA,58
ROS,NEU,JETSMART AIRLINES S.A.,ROS|NEU|JETSMART AIRLINES S.A.,21
ROS,PAR,AEROLINEAS ARGENTINAS SA,ROS|PAR|AEROLINEAS ARGENTINAS SA,1
ROS,RTA,AEROLINEAS ARGENTINAS SA,ROS|RTA|AEROLINEAS ARGENTINAS SA,2
ROS,SAL,AEROLINEAS ARGENTINAS SA,ROS|SAL|AEROLINEAS ARGENTINAS SA,350
ROS,SDE,AEROLINEAS ARGENTINAS SA,ROS|SDE|AEROLINEAS ARGENTINAS SA,1
ROS,SVO,AEROLINEAS ARGENTINAS SA,ROS|SVO|AEROLINEAS ARGENTINAS SA,1
ROS,TUC,AEROLINEAS ARGENTINAS SA,ROS|TUC|AEROLINEAS ARGENTINAS SA,1
SAL,AER,AEROLINEAS ARGENTINAS SA,SAL|AER|AEROLINEAS ARGENTINAS SA,4244
SAL,AER,FB LÍNEAS AÉREAS - FLYBONDI,SAL|AER|FB LÍNEAS AÉREAS - FLYBONDI,511
SAL,AER,JETSMART AIRLINES S.A.,SAL|AER|JETSMART AIRLINES S.A.,1021
SAL,CBA,AEROLINEAS ARGENTINAS SA,SAL|CBA|AEROLINEAS ARGENTINAS SA,860
SAL,CBA,FB LÍNEAS AÉREAS - FLYBONDI,SAL|CBA|FB LÍNEAS AÉREAS - FLYBONDI,244
SAL,CBA,JETSMART AIRLINES S.A.,SAL|CBA|JETSMART AIRLINES S.A.,31
SAL,CRR,AEROLINEAS ARGENTINAS SA,SAL|CRR|AEROLINEAS ARGENTINAS SA,1
SAL,DOZ,AEROLINEAS ARGENTINAS SA,SAL|DOZ|AEROLINEAS ARGENTINAS SA,381
SAL,DOZ,JETSMART AIRLINES S.A.,SAL|DOZ|JETSMART AIRLINES S.A.,94
SAL,EZE,FB LÍNEAS AÉREAS - FLYBONDI,SAL|EZE|FB LÍNEAS AÉREAS - FLYBONDI,269
SAL,IGU,AEROLINEAS ARGENTINAS SA,SAL|IGU|AEROLINEAS ARGENTINAS SA,369
SAL,IGU,JETSMART AIRLINES S.A.,SAL|IGU|JETSMART AIRLINES S.A.,33
SAL,NEU,AEROLINEAS ARGENTINAS SA,SAL|NEU|AEROLINEAS ARGENTINAS SA,171
SAL,NEU,JETSMART AIRLINES S.A.,SAL|NEU|JETSMART AIRLINES S.A.,302
SAL,ROS,AEROLINEAS ARGENTINAS SA,SAL|ROS|AEROLINEAS ARGENTINAS SA,164
SAL,SIS,AEROLINEAS ARGENTINAS SA,SAL|SIS|AEROLINEAS ARGENTINAS SA,9
SAL,TUC,JETSMART AIRLINES S.A.,SAL|TUC|JETSMART AIRLINES S.A.,1
SDE,AER,AEROLINEAS ARGENTINAS SA,SDE|AER|AEROLINEAS ARGENTINAS SA,1398
SDE,AER,FB LÍNEAS AÉREAS - FLYBONDI,SDE|AER|FB LÍNEAS AÉREAS - FLYBONDI,547
SDE,CBA,AEROLINEAS ARGENTINAS SA,SDE|CBA|AEROLINEAS ARGENTINAS SA,2
SDE,EZE,AEROLINEAS ARGENTINAS SA,SDE|EZE|AEROLINEAS ARGENTINAS SA,193
SDE,EZE,FB LÍNEAS AÉREAS - FLYBONDI,SDE|EZE|FB LÍNEAS AÉREAS - FLYBONDI,28
SDE,MDP,AEROLINEAS ARGENTINAS SA,SDE|MDP|AEROLINEAS ARGENTINAS SA,1
SIS,AER,AEROLINEAS ARGENTINAS SA,SIS|AER|AEROLINEAS ARGENTINAS SA,1701
SIS,CBA,AEROLINEAS ARGENTINAS SA,SIS|CBA|AEROLINEAS ARGENTINAS SA,282
SIS,EZE,AEROLINEAS ARGENTINAS SA,SIS|EZE|AEROLINEAS ARGENTINAS SA,128
SIS,IGU,AEROLINEAS ARGENTINAS SA,SIS|IGU|AEROLINEAS ARGENTINAS SA,1
SIS,SAL,AEROLINEAS ARGENTINAS SA,SIS|SAL|AEROLINEAS ARGENTINAS SA,18
SRA,AER,AEROLINEAS ARGENTINAS SA,SRA|AER|AEROLINEAS ARGENTINAS SA,584
SRA,EZE,AEROLINEAS ARGENTINAS SA,SRA|EZE|AEROLINEAS ARGENTINAS SA,26
SRC,AER,AEROLINEAS ARGENTINAS SA,SRC|AER|AEROLINEAS ARGENTINAS SA,31
SVO,CBA,AEROLINEAS ARGENTINAS SA,SVO|CBA|AEROLINEAS ARGENTINAS SA,1
SVO,EZE,AEROLINEAS ARGENTINAS SA,SVO|EZE|AEROLINEAS ARGENTINAS SA,9
SVO,JUA,AEROLINEAS ARGENTINAS SA,SVO|JUA|AEROLINEAS ARGENTINAS SA,1
SVO,SIS,AEROLINEAS ARGENTINAS SA,SVO|SIS|AEROLINEAS ARGENTINAS SA,1
TRC,AER,AEROLINEAS ARGENTINAS SA,TRC|AER|AEROLINEAS ARGENTINAS SA,294
TRC,EZE,AEROLINEAS ARGENTINAS SA,TRC|EZE|AEROLINEAS ARGENTINAS SA,3
TRC,OSA,AEROLINEAS ARGENTINAS SA,TRC|OSA|AEROLINEAS ARGENTINAS SA,6
TRE,AER,AEROLINEAS ARGENTINAS SA,TRE|AER|AEROLINEAS ARGENTINAS SA,1625
TRE,AER,FB LÍNEAS AÉREAS - FLYBONDI,TRE|AER|FB LÍNEAS AÉREAS - FLYBONDI,84
TRE,AER,JETSMART AIRLINES S.A.,TRE|AER|JETSMART AIRLINES S.A.,49
TRE,BAR,AEROLINEAS ARGENTINAS SA,TRE|BAR|AEROLINEAS ARGENTINAS SA,1
TRE,BCA,AEROLINEAS ARGENTINAS SA,TRE|BCA|AEROLINEAS ARGENTINAS SA,9
TRE,CBA,AEROLINEAS ARGENTINAS SA,TRE|CBA|AEROLINEAS ARGENTINAS SA,173
TRE,CRV,AEROLINEAS ARGENTINAS SA,TRE|CRV|AEROLINEAS ARGENTINAS SA,10
TRE,DRY,AEROLINEAS ARGENTINAS SA,TRE|DRY|AEROLINEAS ARGENTINAS SA,1
TRE,ECA,AEROLINEAS ARGENTINAS SA,TRE|ECA|AEROLINEAS ARGENTINAS SA,12
TRE,EZE,FB LÍNEAS AÉREAS - FLYBONDI,TRE|EZE|FB LÍNEAS AÉREAS - FLYBONDI,8
TRE,NEU,AEROLINEAS ARGENTINAS SA,TRE|NEU|AEROLINEAS ARGENTINAS SA,1
TRE,USU,AEROLINEAS ARGENTINAS SA,TRE|USU|AEROLINEAS ARGENTINAS SA,16
TRH,EZE,AEROLINEAS ARGENTINAS SA,TRH|EZE|AEROLINEAS ARGENTINAS SA,11
TUC,AER,AEROLINEAS ARGENTINAS SA,TUC|AER|AEROLINEAS ARGENTINAS SA,4345
TUC,AER,JETSMART AIRLINES S.A.,TUC|AER|JETSMART AIRLINES S.A.,780
TUC,BAR,AEROLINEAS ARGENTINAS SA,TUC|BAR|AEROLINEAS ARGENTINAS SA,20
TUC,CBA,JETSMART AIRLINES S.A.,TUC|CBA|JETSMART AIRLINES S.A.,1
TUC,DOZ,AEROLINEAS ARGENTINAS SA,TUC|DOZ|AEROLINEAS ARGENTINAS SA,98
TUC,EZE,AEROLINEAS ARGENTINAS SA,TUC|EZE|AEROLINEAS ARGENTINAS SA,1016
TUC,EZE,FB LÍNEAS AÉREAS - FLYBONDI,TUC|EZE|FB LÍNEAS AÉREAS - FLYBONDI,118
TUC,EZE,JETSMART AIRLINES S.A.,TUC|EZE|JETSMART AIRLINES S.A.,244
TUC,JUJ,AEROLINEAS ARGENTINAS SA,TUC|JUJ|AEROLINEAS ARGENTINAS SA,1
TUC,MDP,AEROLINEAS ARGENTINAS SA,TUC|MDP|AEROLINEAS ARGENTINAS SA,145
TUC,SAL,AEROLINEAS ARGENTINAS SA,TUC|SAL|AEROLINEAS ARGENTINAS SA,35
TUC,SAL,JETSMART AIRLINES S.A.,TUC|SAL|JETSMART AIRLINES S.A.,1
TUC,SIS,AEROLINEAS ARGENTINAS SA,TUC|SIS|AEROLINEAS ARGENTINAS SA,1
UIS,AER,AEROLINEAS ARGENTINAS SA,UIS|AER|AEROLINEAS ARGENTINAS SA,976
USU,AER,FB LÍNEAS AÉREAS - FLYBONDI,USU|AER|FB LÍNEAS AÉREAS - FLYBONDI,472
USU,AER,JETSMART AIRLINES S.A.,USU|AER|JETSMART AIRLINES S.A.,544
USU,BAR,JETSMART AIRLINES S.A.,USU|BAR|JETSMART AIRLINES S.A.,1
USU,CBA,AEROLINEAS ARGENTINAS SA,USU|CBA|AEROLINEAS ARGENTINAS SA,368
USU,ECA,AEROLINEAS ARGENTINAS SA,USU|ECA|AEROLINEAS ARGENTINAS SA,557
USU,ECA,FB LÍNEAS AÉREAS - FLYBONDI,USU|ECA|FB LÍNEAS AÉREAS - FLYBONDI,131
USU,ECA,JETSMART AIRLINES S.A.,USU|ECA|JETSMART AIRLINES S.A.,4
USU,EZE,FB LÍNEAS AÉREAS - FLYBONDI,USU|EZE|FB LÍNEAS AÉREAS - FLYBONDI,301
USU,TRE,AEROLINEAS ARGENTINAS SA,USU|TRE|AEROLINEAS ARGENTINAS SA,11
VIE,AER,AEROLINEAS ARGENTINAS SA,VIE|AER|AEROLINEAS ARGENTINAS SA,339
VIE,BAR,AEROLINEAS ARGENTINAS SA,VIE|BAR|AEROLINEAS ARGENTINAS SA,4
VIE,BCA,AEROLINEAS ARGENTINAS SA,VIE|BCA|AEROLINEAS ARGENTINAS SA,1
VIE,EZE,AEROLINEAS ARGENTINAS SA,VIE|EZE|AEROLINEAS ARGENTINAS SA,11
VIE,OSA,AEROLINEAS ARGENTINAS SA,VIE|OSA|AEROLINEAS ARGENTINAS SA,2
